USE tutoring_center;

-- 插入教师（specialty 字段是一个字符串，多个特长用逗号分隔）
INSERT INTO teachers (teacher_id, teacher_name, teacher_level, specialty) VALUES
(101, '张明', '金牌教师', '奥数,围棋'),
(102, '李芳', '高级教师', '书法,蜡笔画'),
(103, '王磊', '特级教师', '口才,新概念英语'),
(104, '赵雪', '中级教师', '萨克斯,吉他');

-- 插入科目
INSERT INTO subjects (subject_id, subject_name, hours) VALUES
(1, '奥数', 32),
(2, '围棋', 24),
(3, '书法', 20),
(4, '口才', 28);

-- 插入班级（包含所有必要字段）
INSERT INTO classes (class_code, subject_id, teacher_id, term, period, fee, location, capacity, enrolled_count, teacher_remuneration) VALUES
('MATH-2026-01', 1, 101, '2026春季班', '每周六 09:00-11:00', 3200.00, 'A栋101', 30, 30, 500.00),
('MATH-2026-02', 1, 101, '2026暑假一期', '每周一三五 09:00-11:00', 3200.00, 'A栋102', 30, 15, 500.00),
('MATH-2026-03', 1, 102, '2026暑假一期', '每周二四六 14:00-16:00', 2800.00, 'A栋103', 25, 10, 400.00),
('WEIQI-2026-01', 2, 101, '2026春季班', '每周日 14:00-16:00', 2400.00, 'B栋201', 20, 18, 350.00),
('WEIQI-2026-02', 2, 104, '2026暑假一期', '每周二四 18:30-20:00', 2000.00, 'B栋202', 25, 5, 300.00),
('CALL-2026-01', 3, 102, '2026春季班', '每周三 15:00-17:00', 1800.00, 'C栋301', 15, 15, 250.00),
('CALL-2026-02', 3, 102, '2026暑假一期', '每周一三五 14:00-16:00', 1800.00, 'C栋302', 20, 8, 250.00),
('SPEECH-2026-01', 4, 103, '2026春季班', '每周六 10:00-12:00', 2800.00, 'D栋401', 25, 12, 450.00);

-- 插入学生（没有 total_paid 字段）
INSERT INTO students (student_id, student_name, registration_time) VALUES
(1001, '李小乐', '2026-01-10 09:00:00'),
(1002, '王思琪', '2026-02-15 14:30:00'),
(1003, '张子轩', '2026-03-05 10:20:00'),
(1004, '刘雨桐', '2026-03-18 16:45:00'),
(1005, '陈子涵', '2026-04-01 11:00:00');

-- 插入选课报名（status='active' 表示在读）
INSERT INTO student_enrollments (student_id, class_code, enrollment_time, amount_paid, status) VALUES
(1001, 'MATH-2026-02', '2026-01-15 10:30:00', 3200.00, 'active'),
(1001, 'WEIQI-2026-01', '2026-01-20 09:00:00', 2000.00, 'active'),
(1002, 'MATH-2026-03', '2026-02-18 15:20:00', 2800.00, 'active'),
(1002, 'CALL-2026-02', '2026-03-01 11:10:00', 1000.00, 'active'),
(1003, 'MATH-2026-02', '2026-03-12 14:00:00', 3200.00, 'active'),
(1004, 'SPEECH-2026-01', '2026-03-20 16:00:00', 2800.00, 'active'),
(1005, 'WEIQI-2026-02', '2026-04-05 09:30:00', 2000.00, 'active');

-- 插入账目流水
INSERT INTO accounts (account_date, class_code, student_id, subject_id, amount_paid) VALUES
('2026-01-15', 'MATH-2026-02', 1001, 1, 3200.00),
('2026-01-20', 'WEIQI-2026-01', 1001, 2, 2000.00),
('2026-02-18', 'MATH-2026-03', 1002, 1, 2800.00),
('2026-03-01', 'CALL-2026-02', 1002, 3, 1000.00),
('2026-03-12', 'MATH-2026-02', 1003, 1, 3200.00),
('2026-03-20', 'SPEECH-2026-01', 1004, 4, 2800.00),
('2026-04-05', 'WEIQI-2026-02', 1005, 2, 2000.00);